{
  "resourceType" : "Bundle",
  "id" : "99b1e08b-bb8e-4475-b0ae-86ee9f98989a",
  "meta" : {
    "lastUpdated" : "2025-07-08T08:51:18.667+00:00"
  },
  "type" : "collection",
  "entry" : [{
    "fullUrl" : "http://example.com/fhir/example/ValueSet/FoodAllergyVS",
    "resource" : {
      "resourceType" : "ValueSet",
      "text" : {
        "status" : "generated",
        "div" : "<div xmlns=\"http://www.w3.org/1999/xhtml\"><p class=\"res-header-id\"/><p style=\"border: black 1px dotted; background-color: #EEEEEE; padding: 8px; margin-bottom: 8px\">Expansion from tx.fhir.org based on SNOMED CT International edition 01-Feb 2025</p><p>This value set contains 11 concepts</p><table class=\"codes\"><tr><td style=\"white-space:nowrap\"><b>Code</b></td><td><b>System</b></td><td><b>Display (en-US)</b></td></tr><tr><td style=\"white-space:nowrap\"><a name=\"x-http://snomed.info/sct-91935009\"> </a>\u00a0\u00a0<a href=\"http://snomed.info/id/91935009\">91935009</a></td><td>http://snomed.info/sct</td><td>Allergy to peanuts</td></tr><tr><td style=\"white-space:nowrap\"><a name=\"x-http://snomed.info/sct-48821000119104\"> </a>\u00a0\u00a0<a href=\"http://snomed.info/id/48821000119104\">48821000119104</a></td><td>http://snomed.info/sct</td><td>Allergy to tree nut</td></tr><tr><td style=\"white-space:nowrap\"><a name=\"x-http://snomed.info/sct-782555009\"> </a>\u00a0\u00a0<a href=\"http://snomed.info/id/782555009\">782555009</a></td><td>http://snomed.info/sct</td><td>Allergy to cow's milk protein</td></tr><tr><td style=\"white-space:nowrap\"><a name=\"x-http://snomed.info/sct-213020009\"> </a>\u00a0\u00a0<a href=\"http://snomed.info/id/213020009\">213020009</a></td><td>http://snomed.info/sct</td><td>Egg protein allergy</td></tr><tr><td style=\"white-space:nowrap\"><a name=\"x-http://snomed.info/sct-417532002\"> </a>\u00a0\u00a0<a href=\"http://snomed.info/id/417532002\">417532002</a></td><td>http://snomed.info/sct</td><td>Allergy to fish</td></tr><tr><td style=\"white-space:nowrap\"><a name=\"x-http://snomed.info/sct-300913006\"> </a>\u00a0\u00a0<a href=\"http://snomed.info/id/300913006\">300913006</a></td><td>http://snomed.info/sct</td><td>Shellfish allergy</td></tr><tr><td style=\"white-space:nowrap\"><a name=\"x-http://snomed.info/sct-782594005\"> </a>\u00a0\u00a0<a href=\"http://snomed.info/id/782594005\">782594005</a></td><td>http://snomed.info/sct</td><td>Allergy to soy protein (finding)</td></tr><tr><td style=\"white-space:nowrap\"><a name=\"x-http://snomed.info/sct-260167008\"> </a>\u00a0\u00a0<a href=\"http://snomed.info/id/260167008\">260167008</a></td><td>http://snomed.info/sct</td><td>Sesame seed</td></tr><tr><td style=\"white-space:nowrap\"><a name=\"x-http://snomed.info/sct-21191000122102\"> </a>\u00a0\u00a0<a href=\"http://snomed.info/id/21191000122102\">21191000122102</a></td><td>http://snomed.info/sct</td><td>Allergy to mustard</td></tr><tr><td style=\"white-space:nowrap\"><a name=\"x-http://snomed.info/sct-712843002\"> </a>\u00a0\u00a0<a href=\"http://snomed.info/id/712843002\">712843002</a></td><td>http://snomed.info/sct</td><td>Allergy to celery</td></tr><tr><td style=\"white-space:nowrap\"><a name=\"x-http://snomed.info/sct-782575000\"> </a>\u00a0\u00a0<a href=\"http://snomed.info/id/782575000\">782575000</a></td><td>http://snomed.info/sct</td><td>Allergy to lupine seed (finding)</td></tr></table></div>"
      },
      "url" : "http://example.com/fhir/example/ValueSet/FoodAllergyVS",
      "version" : "0.1.0-test",
      "name" : "FoodAllergyVS",
      "title" : "Food Allergies",
      "status" : "active",
      "date" : "2025-07-08T08:50:37+00:00",
      "jurisdiction" : [{
        "coding" : [{
          "system" : "http://unstats.un.org/unsd/methods/m49/m49.htm",
          "code" : "001"
        }]
      }],
      "expansion" : {
        "identifier" : "urn:uuid:53c46734-b1d9-41d4-a85c-3022489f768f",
        "timestamp" : "2025-07-08T08:51:33+00:00",
        "total" : 11,
        "offset" : 0,
        "parameter" : [{
          "name" : "displayLanguage",
          "valueCode" : "en-US"
        },
        {
          "name" : "count",
          "valueInteger" : 1000
        },
        {
          "name" : "offset",
          "valueInteger" : 0
        },
        {
          "name" : "excludeNested",
          "valueBoolean" : false
        },
        {
          "name" : "used-valueset",
          "valueUri" : "null"
        },
        {
          "name" : "used-codesystem",
          "valueUri" : "http://snomed.info/sct|http://snomed.info/sct/900000000000207008/version/20250201"
        },
        {
          "name" : "version",
          "valueUri" : "http://snomed.info/sct|http://snomed.info/sct/900000000000207008/version/20250201"
        }],
        "contains" : [{
          "system" : "http://snomed.info/sct",
          "code" : "91935009",
          "display" : "Allergy to peanuts"
        },
        {
          "system" : "http://snomed.info/sct",
          "code" : "48821000119104",
          "display" : "Allergy to tree nut"
        },
        {
          "system" : "http://snomed.info/sct",
          "code" : "782555009",
          "display" : "Allergy to cow's milk protein"
        },
        {
          "system" : "http://snomed.info/sct",
          "code" : "213020009",
          "display" : "Egg protein allergy"
        },
        {
          "system" : "http://snomed.info/sct",
          "code" : "417532002",
          "display" : "Allergy to fish"
        },
        {
          "system" : "http://snomed.info/sct",
          "code" : "300913006",
          "display" : "Shellfish allergy"
        },
        {
          "system" : "http://snomed.info/sct",
          "code" : "782594005",
          "display" : "Allergy to soy protein (finding)"
        },
        {
          "system" : "http://snomed.info/sct",
          "code" : "260167008",
          "display" : "Sesame seed"
        },
        {
          "system" : "http://snomed.info/sct",
          "code" : "21191000122102",
          "display" : "Allergy to mustard"
        },
        {
          "system" : "http://snomed.info/sct",
          "code" : "712843002",
          "display" : "Allergy to celery"
        },
        {
          "system" : "http://snomed.info/sct",
          "code" : "782575000",
          "display" : "Allergy to lupine seed (finding)"
        }]
      }
    }
  }]
}