{
  "resourceType" : "Bundle",
  "id" : "311bf4c6-da0d-4802-8675-61aebbce6761",
  "meta" : {
    "lastUpdated" : "2022-02-27T23:28:32.809+00:00"
  },
  "type" : "collection",
  "entry" : [{
    "fullUrl" : "http://example.com/fhir/example/ValueSet/FoodAllergyVS",
    "resource" : {
      "resourceType" : "ValueSet",
      "id" : "FoodAllergyVS",
      "text" : {
        "status" : "generated",
        "div" : "<div xmlns=\"http://www.w3.org/1999/xhtml\"><p>This value set contains 11 concepts</p><p style=\"border: black 1px dotted; background-color: #EEEEEE; padding: 8px; margin-bottom: 8px\">Expansion based on SNOMED CT International edition 31-Jul 2021</p><p>All codes in this table are from the system <a href=\"http://terminology.hl7.org/3.1.0/CodeSystem-v3-snomed-CT.html\"><code>http://snomed.info/sct</code></a></p><table class=\"codes\"><tr><td style=\"white-space:nowrap\"><b>Code</b></td><td><b>Display</b></td></tr><tr><td style=\"white-space:nowrap\"><a name=\"http---snomed.info-sct-91935009\"> </a><a href=\"http://snomed.info/id/91935009\">91935009</a></td><td>Allergy to peanut</td></tr><tr><td style=\"white-space:nowrap\"><a name=\"http---snomed.info-sct-48821000119104\"> </a><a href=\"http://snomed.info/id/48821000119104\">48821000119104</a></td><td>Allergy to tree nut</td></tr><tr><td style=\"white-space:nowrap\"><a name=\"http---snomed.info-sct-782555009\"> </a><a href=\"http://snomed.info/id/782555009\">782555009</a></td><td>Allergy to cow's milk protein</td></tr><tr><td style=\"white-space:nowrap\"><a name=\"http---snomed.info-sct-213020009\"> </a><a href=\"http://snomed.info/id/213020009\">213020009</a></td><td>Allergy to egg protein</td></tr><tr><td style=\"white-space:nowrap\"><a name=\"http---snomed.info-sct-417532002\"> </a><a href=\"http://snomed.info/id/417532002\">417532002</a></td><td>Allergy to fish</td></tr><tr><td style=\"white-space:nowrap\"><a name=\"http---snomed.info-sct-300913006\"> </a><a href=\"http://snomed.info/id/300913006\">300913006</a></td><td>Allergy to shellfish</td></tr><tr><td style=\"white-space:nowrap\"><a name=\"http---snomed.info-sct-782594005\"> </a><a href=\"http://snomed.info/id/782594005\">782594005</a></td><td>Allergy to soy protein</td></tr><tr><td style=\"white-space:nowrap\"><a name=\"http---snomed.info-sct-260167008\"> </a><a href=\"http://snomed.info/id/260167008\">260167008</a></td><td>Sesame seed</td></tr><tr><td style=\"white-space:nowrap\"><a name=\"http---snomed.info-sct-21191000122102\"> </a><a href=\"http://snomed.info/id/21191000122102\">21191000122102</a></td><td>Allergy to mustard</td></tr><tr><td style=\"white-space:nowrap\"><a name=\"http---snomed.info-sct-712843002\"> </a><a href=\"http://snomed.info/id/712843002\">712843002</a></td><td>Allergy to celery</td></tr><tr><td style=\"white-space:nowrap\"><a name=\"http---snomed.info-sct-782575000\"> </a><a href=\"http://snomed.info/id/782575000\">782575000</a></td><td>Allergy to lupine seed</td></tr></table></div>"
      },
      "url" : "http://example.com/fhir/example/ValueSet/FoodAllergyVS",
      "version" : "0.1.0-test",
      "name" : "FoodAllergyVS",
      "title" : "Food Allergies",
      "status" : "active",
      "date" : "2022-02-27T23:28:32+00:00",
      "publisher" : "myself",
      "contact" : [{
        "telecom" : [{
          "system" : "url",
          "value" : "http://xxhl7.org/Special/committees/[something]"
        }]
      }],
      "description" : "Main Food allergies.",
      "jurisdiction" : [{
        "coding" : [{
          "system" : "http://unstats.un.org/unsd/methods/m49/m49.htm",
          "code" : "001"
        }]
      }],
      "expansion" : {
        "identifier" : "urn:uuid:c41bb207-5b1c-44c3-a5cf-97c4f1f123d1",
        "timestamp" : "2022-02-27T23:28:42+00:00",
        "total" : 11,
        "parameter" : [{
          "name" : "excludeNested",
          "valueBoolean" : false
        },
        {
          "name" : "limitedExpansion",
          "valueBoolean" : true
        },
        {
          "name" : "version",
          "valueUri" : "http://snomed.info/sct|http://snomed.info/sct/900000000000207008/version/20210731"
        }],
        "contains" : [{
          "system" : "http://snomed.info/sct",
          "code" : "91935009",
          "display" : "Allergy to peanut"
        },
        {
          "system" : "http://snomed.info/sct",
          "code" : "48821000119104",
          "display" : "Allergy to tree nut"
        },
        {
          "system" : "http://snomed.info/sct",
          "code" : "782555009",
          "display" : "Allergy to cow's milk protein"
        },
        {
          "system" : "http://snomed.info/sct",
          "code" : "213020009",
          "display" : "Allergy to egg protein"
        },
        {
          "system" : "http://snomed.info/sct",
          "code" : "417532002",
          "display" : "Allergy to fish"
        },
        {
          "system" : "http://snomed.info/sct",
          "code" : "300913006",
          "display" : "Allergy to shellfish"
        },
        {
          "system" : "http://snomed.info/sct",
          "code" : "782594005",
          "display" : "Allergy to soy protein"
        },
        {
          "system" : "http://snomed.info/sct",
          "code" : "260167008",
          "display" : "Sesame seed"
        },
        {
          "system" : "http://snomed.info/sct",
          "code" : "21191000122102",
          "display" : "Allergy to mustard"
        },
        {
          "system" : "http://snomed.info/sct",
          "code" : "712843002",
          "display" : "Allergy to celery"
        },
        {
          "system" : "http://snomed.info/sct",
          "code" : "782575000",
          "display" : "Allergy to lupine seed"
        }]
      }
    }
  }]
}