<?xml version="1.0" encoding="UTF-8"?>

<AllergyIntolerance xmlns="http://hl7.org/fhir">
  <id value="MyPeanutAllergy"/>
  <meta>
    <profile value="http://example.com/fhir/example/StructureDefinition/FoodAllergy"/>
  </meta>
  <text>
    <status value="generated"/><div xmlns="http://www.w3.org/1999/xhtml"><p class="res-header-id"><b>Generated Narrative: AllergyIntolerance MyPeanutAllergy</b></p><a name="MyPeanutAllergy"> </a><a name="hcMyPeanutAllergy"> </a><div style="display: inline-block; background-color: #d9e0e7; padding: 6px; margin: 4px; border: 1px solid #8da1b4; border-radius: 5px; line-height: 60%"><p style="margin-bottom: 0px"/><p style="margin-bottom: 0px">Profile: <a href="StructureDefinition-FoodAllergy.html">Food Allergy</a></p></div><p><b>clinicalStatus</b>: <span title="Codes:{http://terminology.hl7.org/CodeSystem/allergyintolerance-clinical active}">Active</span></p><p><b>verificationStatus</b>: <span title="Codes:{http://terminology.hl7.org/CodeSystem/allergyintolerance-verification unconfirmed}">Unconfirmed</span></p><p><b>code</b>: <span title="Codes:{http://snomed.info/sct 91935009}">Allergy to peanut</span></p><p><b>patient</b>: Paul Peters (Identifier: 8936584955)</p><p><b>recordedDate</b>: 2021-07-28</p><p><b>recorder</b>: Daniel Davis (Identifier: 8936584955)</p><p><b>asserter</b>: Paul Peters (Identifier: 8936584955)</p></div>
  </text>
  <clinicalStatus>
    <coding>
      <system value="http://terminology.hl7.org/CodeSystem/allergyintolerance-clinical"/>
      <code value="active"/>
    </coding>
  </clinicalStatus>
  <verificationStatus>
    <coding>
      <system value="http://terminology.hl7.org/CodeSystem/allergyintolerance-verification"/>
      <code value="unconfirmed"/>
    </coding>
  </verificationStatus>
  <code>
    <coding>
      <system value="http://snomed.info/sct"/>
      <code value="91935009"/>
      <display value="Allergy to peanut"/>
    </coding>
  </code>
  <patient>
    <identifier>
      <value value="8936584955"/>
    </identifier>
    <display value="Paul Peters"/>
  </patient>
  <recordedDate value="2021-07-28"/>
  <recorder>
    <identifier>
      <value value="8936584955"/>
    </identifier>
    <display value="Daniel Davis"/>
  </recorder>
  <asserter>
    <identifier>
      <value value="8936584955"/>
    </identifier>
    <display value="Paul Peters"/>
  </asserter>
</AllergyIntolerance>