{
  "codeSystems" : [
    {
      "url" : "http://example.com/fhir/example/ValueSet/FoodAllergyVS",
      "version" : "0.1.0-test",
      "status" : "active",
      "name" : "FoodAllergyVS",
      "title" : "Food Allergies",
      "description" : "Main Food allergies.",
      "systems" : ["http://snomed.info/sct"],
      "uses" : {
      },
      "StructureDefinition-FoodAllergy.html" : "Food Allergy"
    },
    {
      "url" : "http://hl7.org/fhir/ValueSet/allergy-intolerance-category",
      "version" : "4.0.1",
      "status" : "draft",
      "name" : "AllergyIntoleranceCategory",
      "title" : "AllergyIntoleranceCategory",
      "description" : "Category of an identified substance associated with allergies or intolerances.",
      "systems" : ["http://hl7.org/fhir/allergy-intolerance-category"],
      "oids" : ["2.16.840.1.113883.4.642.3.133"],
      "sources" : ["2.16.840.1.113883.4.642.3.133"],
      "uses" : {
      },
      "StructureDefinition-FoodAllergy.html" : "Food Allergy"
    },
    {
      "url" : "http://hl7.org/fhir/ValueSet/allergy-intolerance-criticality",
      "version" : "4.0.1",
      "status" : "draft",
      "name" : "AllergyIntoleranceCriticality",
      "title" : "AllergyIntoleranceCriticality",
      "description" : "Estimate of the potential clinical harm, or seriousness, of a reaction to an identified substance.",
      "systems" : ["http://hl7.org/fhir/allergy-intolerance-criticality"],
      "oids" : ["2.16.840.1.113883.4.642.3.129"],
      "sources" : ["2.16.840.1.113883.4.642.3.129"],
      "uses" : {
      },
      "StructureDefinition-FoodAllergy.html" : "Food Allergy"
    },
    {
      "url" : "http://hl7.org/fhir/ValueSet/allergy-intolerance-type",
      "version" : "4.0.1",
      "status" : "draft",
      "name" : "AllergyIntoleranceType",
      "title" : "AllergyIntoleranceType",
      "description" : "Identification of the underlying physiological mechanism for a Reaction Risk.",
      "systems" : ["http://hl7.org/fhir/allergy-intolerance-type"],
      "oids" : ["2.16.840.1.113883.4.642.3.131"],
      "sources" : ["2.16.840.1.113883.4.642.3.131"],
      "uses" : {
      },
      "StructureDefinition-FoodAllergy.html" : "Food Allergy"
    },
    {
      "url" : "http://hl7.org/fhir/ValueSet/allergyintolerance-clinical",
      "version" : "4.0.1",
      "status" : "draft",
      "name" : "AllergyIntoleranceClinicalStatusCodes",
      "title" : "AllergyIntolerance Clinical Status Codes",
      "description" : "Preferred value set for AllergyIntolerance Clinical Status.",
      "systems" : [
        "http://terminology.hl7.org/CodeSystem/allergyintolerance-clinical"
      ],
      "oids" : ["2.16.840.1.113883.4.642.3.1372"],
      "sources" : ["2.16.840.1.113883.4.642.3.1372"],
      "uses" : {
      },
      "StructureDefinition-FoodAllergy.html" : "Food Allergy"
    },
    {
      "url" : "http://hl7.org/fhir/ValueSet/allergyintolerance-verification",
      "version" : "4.0.1",
      "status" : "draft",
      "name" : "AllergyIntoleranceVerificationStatusCodes",
      "title" : "AllergyIntolerance Verification Status Codes",
      "description" : "Preferred value set for AllergyIntolerance Verification Status.",
      "systems" : [
        "http://terminology.hl7.org/CodeSystem/allergyintolerance-verification"
      ],
      "oids" : ["2.16.840.1.113883.4.642.3.1370"],
      "sources" : ["2.16.840.1.113883.4.642.3.1370"],
      "uses" : {
      },
      "StructureDefinition-FoodAllergy.html" : "Food Allergy"
    },
    {
      "url" : "http://hl7.org/fhir/ValueSet/clinical-findings",
      "version" : "4.0.1",
      "status" : "draft",
      "name" : "SNOMEDCTClinicalFindings",
      "title" : "SNOMED CT Clinical Findings",
      "description" : "This value set includes all the \"Clinical finding\" [SNOMED CT](http://snomed.info/sct) codes - concepts where concept is-a 404684003 (Clinical finding (finding)).",
      "systems" : ["http://snomed.info/sct"],
      "oids" : ["2.16.840.1.113883.4.642.3.232"],
      "sources" : ["2.16.840.1.113883.4.642.3.232"],
      "uses" : {
      },
      "StructureDefinition-FoodAllergy.html" : "Food Allergy"
    },
    {
      "url" : "http://hl7.org/fhir/ValueSet/languages",
      "version" : "4.0.1",
      "status" : "draft",
      "name" : "CommonLanguages",
      "title" : "Common Languages",
      "description" : "This value set includes common codes from BCP-47 (http://tools.ietf.org/html/bcp47)",
      "systems" : ["urn:ietf:bcp:47"],
      "oids" : ["2.16.840.1.113883.4.642.3.20"],
      "sources" : ["2.16.840.1.113883.4.642.3.20"],
      "uses" : {
      },
      "StructureDefinition-FoodAllergy.html" : "Food Allergy"
    },
    {
      "url" : "http://hl7.org/fhir/ValueSet/reaction-event-severity",
      "version" : "4.0.1",
      "status" : "draft",
      "name" : "AllergyIntoleranceSeverity",
      "title" : "AllergyIntoleranceSeverity",
      "description" : "Clinical assessment of the severity of a reaction event as a whole, potentially considering multiple different manifestations.",
      "systems" : ["http://hl7.org/fhir/reaction-event-severity"],
      "oids" : ["2.16.840.1.113883.4.642.3.135"],
      "sources" : ["2.16.840.1.113883.4.642.3.135"],
      "uses" : {
      },
      "StructureDefinition-FoodAllergy.html" : "Food Allergy"
    },
    {
      "url" : "http://hl7.org/fhir/ValueSet/route-codes",
      "version" : "4.0.1",
      "status" : "draft",
      "name" : "SNOMEDCTRouteCodes",
      "title" : "SNOMED CT Route Codes",
      "description" : "This value set includes all Route codes from SNOMED CT - provided as an exemplar.",
      "systems" : ["http://snomed.info/sct"],
      "oids" : ["2.16.840.1.113883.4.642.3.98"],
      "sources" : ["2.16.840.1.113883.4.642.3.98"],
      "uses" : {
      },
      "StructureDefinition-FoodAllergy.html" : "Food Allergy"
    },
    {
      "url" : "http://hl7.org/fhir/ValueSet/substance-code",
      "version" : "4.0.1",
      "status" : "draft",
      "name" : "SubstanceCode",
      "title" : "Substance Code",
      "description" : "This value set contains concept codes for specific substances. It includes codes from [SNOMED](http://snomed.info/sct) where concept is-a 105590001 (Substance (substance)) and where concept is-a 373873005 (Pharmaceutical / biologic product (product))",
      "systems" : ["http://snomed.info/sct"],
      "oids" : ["2.16.840.1.113883.4.642.3.473"],
      "sources" : ["2.16.840.1.113883.4.642.3.473"],
      "uses" : {
      },
      "StructureDefinition-FoodAllergy.html" : "Food Allergy"
    }
  ]
}
